{"cameraMode":{"drawMode":0,"name":"Shaded","section":"Shading Mode"},"sceneLighting":true,"audioPlay":false,"sceneViewState":{"m_AlwaysRefresh":false,"showFog":true,"showSkybox":true,"showFlares":true,"showImageEffects":true,"showParticleSystems":true,"showVisualEffectGraphs":true,"m_FxEnabled":true},"in2DMode":false,"pivot":{"x":2.0180752277374269,"y":0.5610669255256653,"z":0.206821471452713},"rotation":{"x":-0.003954943735152483,"y":0.6483702659606934,"z":0.0036801735404878856,"w":0.761561930179596},"size":1.1175676584243775,"orthographic":false}