{"cameraMode":{"drawMode":0,"name":"Shaded","section":"Shading Mode"},"sceneLighting":true,"audioPlay":false,"sceneViewState":{"m_AlwaysRefresh":false,"showFog":true,"showSkybox":true,"showFlares":true,"showImageEffects":true,"showParticleSystems":true,"showVisualEffectGraphs":true,"m_FxEnabled":true},"in2DMode":false,"pivot":{"x":-7.886536121368408,"y":7.628428936004639,"z":3.636340618133545},"rotation":{"x":0.051875852048397067,"y":0.2568482458591461,"z":0.013795088045299054,"w":-0.9650810360908508},"size":21.81524085998535,"orthographic":false}