{"cameraMode":{"drawMode":0,"name":"Shaded","section":"Shading Mode"},"sceneLighting":true,"audioPlay":false,"sceneViewState":{"m_AlwaysRefresh":false,"showFog":true,"showSkybox":true,"showFlares":true,"showImageEffects":true,"showParticleSystems":true,"showVisualEffectGraphs":true,"m_FxEnabled":true},"in2DMode":false,"pivot":{"x":-0.4177001714706421,"y":0.9139220714569092,"z":-1.0620675086975098},"rotation":{"x":0.0005126306787133217,"y":-0.9777116179466248,"z":0.21024145185947419,"w":0.002350880764424801},"size":10.403172492980957,"orthographic":false}